Simulation_ID,Site_Name,Distance_m,Dilution_Factor,Tidal_State,Wind_Speed_ms,Current_Speed_ms,Model_Type,Confidence
1,Discharge,0,0.8183717773090123,High,5.799080362932802,0.3422937250822753,ROMS_Hydrodynamic,High
2,Discharge,0,0.8658712415454426,Low,6.422649981763085,0.5167720969019062,ROMS_Hydrodynamic,High
3,Discharge,0,1.1412479818495438,Low,4.565893262804579,0.20466152747664446,ROMS_Hydrodynamic,Medium
4,Discharge,0,1.0742285653870496,High,22.022965247379737,0.7757546813093561,ROMS_Hydrodynamic,High
5,Discharge,0,1.4058615007808173,Mid,6.873596078076928,0.19330743160942981,ROMS_Hydrodynamic,High
6,Discharge,0,0.9209824770402754,High,7.052616554971969,1.1587945394068497,ROMS_Hydrodynamic,High
7,Discharge,0,1.1560723742647385,High,9.82890701626775,0.8885015122944809,ROMS_Hydrodynamic,High
8,Discharge,0,1.4340308651712128,Mid,30.442541799800026,2.2214434887649492,ROMS_Hydrodynamic,High
9,Discharge,0,1.4535729350213062,Low,7.61788501819848,0.7902476982127615,ROMS_Hydrodynamic,Medium
10,Discharge,0,1.3515951350835893,Mid,7.67388159379262,0.5322004507344361,ROMS_Hydrodynamic,High
11,Discharge,0,0.960154611602408,High,20.580469154442845,0.7370855786410879,ROMS_Hydrodynamic,High
12,Discharge,0,0.9996157906262022,Mid,9.284114329797115,1.6685157370096364,ROMS_Hydrodynamic,High
13,Discharge,0,1.0608005203638478,Mid,7.270204306628642,0.26051194854913423,ROMS_Hydrodynamic,High
14,Discharge,0,0.9314061301157058,High,4.486635472126701,0.22986513751502555,ROMS_Hydrodynamic,Medium
15,Discharge,0,1.1798337642146117,Mid,6.678670651668293,0.7354728001855997,ROMS_Hydrodynamic,High
16,Discharge,0,1.1021618703159204,Mid,8.649098116545131,1.0451360609403748,ROMS_Hydrodynamic,High
17,Discharge,0,2.807770404409953,Mid,12.039157415351848,0.5592338782027061,ROMS_Hydrodynamic,High
18,Discharge,0,0.6385505563189688,Low,5.0615785130873405,0.29380463675011464,ROMS_Hydrodynamic,High
19,Discharge,0,0.9309315062954234,Low,14.525307356614007,0.2837798648039825,ROMS_Hydrodynamic,Medium
20,Discharge,0,0.7827364082953846,High,11.608485214791179,0.3318646017313978,ROMS_Hydrodynamic,High
21,Discharge,0,0.8440234357004774,Mid,3.406209391945422,0.5624699421108547,ROMS_Hydrodynamic,High
22,Discharge,0,0.6359134086946164,Low,12.710200170893945,2.2705522649839227,ROMS_Hydrodynamic,Medium
23,Discharge,0,0.9928298933589693,High,3.1901701953524757,0.34324086939587795,ROMS_Hydrodynamic,High
24,Discharge,0,1.9371039656673825,Mid,5.3633724140773555,0.45728195033592256,ROMS_Hydrodynamic,Medium
25,Discharge,0,1.5499590232663274,High,4.210539837292378,0.6246265904186393,ROMS_Hydrodynamic,High
26,Discharge,0,0.9528168336454144,Mid,2.1480199988109696,1.17725674361936,ROMS_Hydrodynamic,High
27,Discharge,0,1.0316119681315645,High,8.37272207711619,1.1333222605021005,ROMS_Hydrodynamic,Medium
28,Discharge,0,1.1886512772650675,Mid,2.053743265172237,1.5598346541998955,ROMS_Hydrodynamic,High
29,Discharge,0,1.2280053399960558,Low,4.048318836410516,0.756109649167414,ROMS_Hydrodynamic,High
30,Discharge,0,1.4257659640704496,Mid,5.554298202897758,0.6877279928248834,ROMS_Hydrodynamic,High
31,Discharge,0,0.5793992131211276,High,1.6856192685946403,1.7449848752685733,ROMS_Hydrodynamic,High
32,Discharge,0,0.8630136119469394,High,16.45810462897377,0.9447974854897295,ROMS_Hydrodynamic,High
33,Discharge,0,1.0877238283330968,Mid,6.3984949399132205,0.8380876637967986,ROMS_Hydrodynamic,High
34,Discharge,0,0.9845676674764131,Low,15.248578505870023,0.6119995014317148,ROMS_Hydrodynamic,Medium
35,Discharge,0,0.6200630209098846,High,18.243094179991992,0.08171916603949142,ROMS_Hydrodynamic,High
36,Discharge,0,1.1590793047835064,Low,6.108502548591026,0.51052820663668,ROMS_Hydrodynamic,High
37,Discharge,0,1.7519300597513168,Mid,4.119651833559762,0.8569681506276281,ROMS_Hydrodynamic,Medium
38,Discharge,0,1.068723055252815,Low,4.417286791512789,0.48227556726823934,ROMS_Hydrodynamic,High
39,Discharge,0,1.5271851440559054,Mid,8.984075073457907,1.1680875875222172,ROMS_Hydrodynamic,High
40,Discharge,0,1.151984246844035,Low,11.437054268940276,0.858781509228808,ROMS_Hydrodynamic,High
41,Discharge,0,0.6855135007287457,Mid,10.998178827043628,0.6704570244785129,ROMS_Hydrodynamic,High
42,Discharge,0,1.0024104563255356,High,7.473266753054404,1.0647568003195536,ROMS_Hydrodynamic,High
43,Discharge,0,1.0807261247895454,Low,10.471239727146159,0.38519687515950607,ROMS_Hydrodynamic,High
44,Discharge,0,1.392546692053886,Mid,3.7342826450413584,0.17489810339219547,ROMS_Hydrodynamic,Medium
45,Discharge,0,1.2737867262771605,Low,16.848120093893122,0.7880477220138793,ROMS_Hydrodynamic,High
46,Discharge,0,1.4547392003185646,Low,4.157099024840905,0.6159140201766911,ROMS_Hydrodynamic,Medium
47,Discharge,0,1.1844946929542486,Low,16.099674768277694,1.292197170928762,ROMS_Hydrodynamic,High
48,Discharge,0,0.8245628144147407,Low,8.921597895653631,0.2687036951614122,ROMS_Hydrodynamic,High
49,Discharge,0,0.7871562639785854,Low,2.754508674941981,1.0428138184582358,ROMS_Hydrodynamic,High
50,Discharge,0,1.1925282990029344,Mid,4.827193162298743,0.31782322135851043,ROMS_Hydrodynamic,High
51,Discharge,0,1.107415053447562,Mid,24.665398876270885,0.9485425738571996,ROMS_Hydrodynamic,High
52,Discharge,0,1.6516668244557529,Mid,8.102052256611925,1.2377310249915672,ROMS_Hydrodynamic,High
53,Discharge,0,0.9210393356285269,Mid,6.545071624537927,0.5853446892526846,ROMS_Hydrodynamic,Medium
54,Discharge,0,0.7471912049239767,High,7.897559421584861,1.3543009337634615,ROMS_Hydrodynamic,High
55,Discharge,0,0.6528204676496616,Mid,10.217426582934554,0.3064300559256258,ROMS_Hydrodynamic,High
56,Discharge,0,1.781625586634682,High,4.714058419953385,0.8520827665413084,ROMS_Hydrodynamic,High
57,Discharge,0,1.195958708425139,Mid,13.918645631425733,0.5101111049780971,ROMS_Hydrodynamic,High
58,Discharge,0,1.4514968845042722,High,2.9789973945188724,0.12238499639910115,ROMS_Hydrodynamic,High
59,Discharge,0,0.9978774906764462,Low,6.583275384375043,0.3117736431020139,ROMS_Hydrodynamic,High
60,Discharge,0,1.186136730504274,Low,9.760571197992517,0.32375263960162454,ROMS_Hydrodynamic,High
61,Discharge,0,1.3192707269980568,High,13.332119700037488,0.32338035627484074,ROMS_Hydrodynamic,High
62,Discharge,0,0.9602285880511122,High,9.034065646944633,2.2272284317313367,ROMS_Hydrodynamic,High
63,Discharge,0,0.7364337767983992,Low,4.354728914616419,0.30771278615839354,ROMS_Hydrodynamic,High
64,Discharge,0,0.7668549727355992,Mid,4.62902859570091,0.9430536595811481,ROMS_Hydrodynamic,High
65,Discharge,0,1.2896210190141766,High,10.296819325936198,0.3475680984491538,ROMS_Hydrodynamic,High
66,Discharge,0,1.0527969052307788,High,4.367117853596831,0.2030142740213998,ROMS_Hydrodynamic,High
67,Discharge,0,0.6751592336258563,High,5.974500194406721,0.045067410466521754,ROMS_Hydrodynamic,Medium
68,Discharge,0,0.9290909885927026,Mid,8.229883760292875,1.60647145554756,ROMS_Hydrodynamic,High
69,Discharge,0,1.5721465899657434,Low,3.7513436850000246,0.19079350347477442,ROMS_Hydrodynamic,High
70,Discharge,0,1.56511844581723,High,11.697158897780252,0.2989645799282208,ROMS_Hydrodynamic,High
71,Discharge,0,0.8665049401756901,Mid,1.5516317190943787,0.45209474114641107,ROMS_Hydrodynamic,High
72,Discharge,0,0.8320388424633414,High,2.3217771895858417,0.3151501216269974,ROMS_Hydrodynamic,High
73,Discharge,0,1.0224078413763464,High,5.0901884076892365,0.9068226153719036,ROMS_Hydrodynamic,Medium
74,Discharge,0,1.2607230494876138,High,6.56268259072265,0.12838074396054652,ROMS_Hydrodynamic,High
75,Discharge,0,0.8668785591429323,Low,5.3889457885696554,0.612665967351453,ROMS_Hydrodynamic,Medium
76,Discharge,0,0.7246575824695536,High,8.153903755905187,0.2850563856403595,ROMS_Hydrodynamic,High
77,Discharge,0,1.9958572297619654,High,13.006305868607912,0.2220044064571506,ROMS_Hydrodynamic,High
78,Discharge,0,0.7772439776437895,High,9.956493816462839,0.36234477541541876,ROMS_Hydrodynamic,High
79,Discharge,0,1.2553489427404094,Mid,9.426880811409442,0.5096242902266515,ROMS_Hydrodynamic,High
80,Discharge,0,1.205060632219394,Mid,10.984121819143104,0.6127414073397515,ROMS_Hydrodynamic,High
81,Discharge,0,1.2590439887542557,Low,4.288498134319808,1.4018738414748482,ROMS_Hydrodynamic,High
82,Discharge,0,0.7880818340628261,High,8.172596009842788,0.7522418566168105,ROMS_Hydrodynamic,High
83,Discharge,0,1.4823763567465509,Mid,3.3825209634630027,0.7758926140720623,ROMS_Hydrodynamic,High
84,Discharge,0,0.6447594839387849,High,5.1570288575811,0.6191942256190979,ROMS_Hydrodynamic,High
85,Discharge,0,0.6629847586868233,Low,8.908749254052836,0.45183491268197806,ROMS_Hydrodynamic,High
86,Discharge,0,1.051594902356,Mid,16.435776165803638,1.3722265758515109,ROMS_Hydrodynamic,High
87,Discharge,0,1.2318074476428993,Mid,6.354394322964534,0.18117681570199884,ROMS_Hydrodynamic,High
88,Discharge,0,0.8284846471439317,Low,7.785311510291359,0.7021714410347268,ROMS_Hydrodynamic,Medium
89,Discharge,0,0.5607863269192905,Low,8.681320976467017,0.5702038858822113,ROMS_Hydrodynamic,High
90,Discharge,0,0.6492184590697561,High,7.681769938413261,0.8091729469798271,ROMS_Hydrodynamic,High
91,Discharge,0,0.8161008863158878,Low,9.277583318343934,0.41287767450143265,ROMS_Hydrodynamic,High
92,Discharge,0,0.7318748963234831,Mid,11.546354347355894,0.5127012781280277,ROMS_Hydrodynamic,High
93,Discharge,0,1.2423527004654191,High,15.788724802509456,1.5468568534954406,ROMS_Hydrodynamic,Medium
94,Discharge,0,1.1773402821790986,High,5.997789775367791,0.14305033050391264,ROMS_Hydrodynamic,High
95,Discharge,0,1.2693819899603442,Mid,4.58282990374857,0.7789099414122636,ROMS_Hydrodynamic,High
96,Discharge,0,0.7484918891154244,Low,14.152081112486805,0.2437557827515221,ROMS_Hydrodynamic,Medium
97,Discharge,0,1.4061804625344831,High,9.796469407865231,0.2932607018216217,ROMS_Hydrodynamic,High
98,Discharge,0,1.0344234324155548,High,21.431496819705934,0.6138614283140598,ROMS_Hydrodynamic,High
99,Discharge,0,0.8417974290945385,High,4.853221560300578,0.45415290892437227,ROMS_Hydrodynamic,High
100,Discharge,0,1.3854834135720708,High,11.874511430555188,0.18925741105635624,ROMS_Hydrodynamic,High
101,Site_50m,50,4.127680408103314,Low,3.6008114834103924,0.959931881586093,ROMS_Hydrodynamic,High
102,Site_50m,50,7.0083400637175295,Low,13.109759389534993,2.7922747400578842,ROMS_Hydrodynamic,High
103,Site_50m,50,6.353700909198206,Low,5.963174198562778,0.4466894531364289,ROMS_Hydrodynamic,High
104,Site_50m,50,11.695804794453988,Low,4.563812410772799,0.5802275497552135,ROMS_Hydrodynamic,High
105,Site_50m,50,5.747001132668653,Low,12.818929407683164,0.5804706666389142,ROMS_Hydrodynamic,Medium
106,Site_50m,50,9.350753714850299,High,10.95515466824565,0.22106693097687,ROMS_Hydrodynamic,High
107,Site_50m,50,6.652951089550623,Mid,8.982655605587679,0.7559440843880243,ROMS_Hydrodynamic,Medium
108,Site_50m,50,5.366124558061423,High,8.64220316905759,0.11989100820298244,ROMS_Hydrodynamic,High
109,Site_50m,50,13.531696968968616,Mid,19.43602387109693,0.14779178831236284,ROMS_Hydrodynamic,Medium
110,Site_50m,50,7.301856887121764,High,8.729920249996335,0.226504092291734,ROMS_Hydrodynamic,High
111,Site_50m,50,6.062791252047729,Low,18.320225365884333,0.6238106227247623,ROMS_Hydrodynamic,High
112,Site_50m,50,6.404122481687015,Mid,5.237858006995008,1.0927260342004237,ROMS_Hydrodynamic,High
113,Site_50m,50,6.687672581690497,High,13.188091284940457,0.20840401167015732,ROMS_Hydrodynamic,Medium
114,Site_50m,50,6.512141414871438,Low,5.270964427432441,1.8023686764709361,ROMS_Hydrodynamic,High
115,Site_50m,50,5.4755676188082445,Mid,3.897288233936012,1.9234541086002779,ROMS_Hydrodynamic,High
116,Site_50m,50,7.735240940047789,Low,6.025614304395492,0.850241622249985,ROMS_Hydrodynamic,High
117,Site_50m,50,4.807344178596966,Low,7.270768083834597,0.9071438302341481,ROMS_Hydrodynamic,High
118,Site_50m,50,8.404513427300207,High,14.33936700745387,0.4605961676672916,ROMS_Hydrodynamic,Medium
119,Site_50m,50,7.267327108929142,Mid,5.966033991507112,0.7196754247890211,ROMS_Hydrodynamic,Medium
120,Site_50m,50,9.248859597087426,High,13.684726696387195,0.11336457919642716,ROMS_Hydrodynamic,High
121,Site_50m,50,8.630077773581142,Mid,9.696769753338705,0.9966902216744892,ROMS_Hydrodynamic,High
122,Site_50m,50,6.058131074124205,Mid,3.793483698010179,0.0602838689743057,ROMS_Hydrodynamic,High
123,Site_50m,50,6.292264330169672,Mid,8.797256800490125,0.4927292422068501,ROMS_Hydrodynamic,High
124,Site_50m,50,8.718705462275803,Low,8.6787611069227,1.3105811531708162,ROMS_Hydrodynamic,High
125,Site_50m,50,8.058749316081975,Low,9.031856912742281,0.7983751655045348,ROMS_Hydrodynamic,High
126,Site_50m,50,7.197007025829674,High,8.465776796668571,3.4904810622325004,ROMS_Hydrodynamic,High
127,Site_50m,50,5.4959176130153,Low,10.87886855335051,1.4208494391146806,ROMS_Hydrodynamic,High
128,Site_50m,50,8.161564332686586,Mid,2.0292722601943662,0.32368451652872166,ROMS_Hydrodynamic,High
129,Site_50m,50,6.034930623827804,Low,3.1669499024485415,2.7318925169912855,ROMS_Hydrodynamic,High
130,Site_50m,50,5.474766752331934,High,2.833536682093343,0.9344253397189031,ROMS_Hydrodynamic,High
131,Site_50m,50,10.730169290613462,High,7.3807348680011415,0.8582350676238216,ROMS_Hydrodynamic,High
132,Site_50m,50,7.369833848035651,Low,9.176091273423085,1.85036973264582,ROMS_Hydrodynamic,High
133,Site_50m,50,4.666739142563938,Low,4.629563167537217,0.6375985822516737,ROMS_Hydrodynamic,High
134,Site_50m,50,5.242424417301704,Low,5.625330621161527,1.3431583041678299,ROMS_Hydrodynamic,Medium
135,Site_50m,50,7.439249447296789,Mid,10.136985747923339,0.15877114199176018,ROMS_Hydrodynamic,High
136,Site_50m,50,8.106313330637944,High,11.819091921599467,1.425742324855308,ROMS_Hydrodynamic,Medium
137,Site_50m,50,7.904475944255791,Low,3.136145877532224,0.3670910440755384,ROMS_Hydrodynamic,High
138,Site_50m,50,14.147884860520358,Low,2.1819069693870556,1.0460442450384304,ROMS_Hydrodynamic,High
139,Site_50m,50,6.690188516863114,Mid,2.9513197179099295,0.40643580368092097,ROMS_Hydrodynamic,Medium
140,Site_50m,50,6.257246710084156,Mid,4.134628170652606,0.6442191189912685,ROMS_Hydrodynamic,High
141,Site_50m,50,6.8195638943739905,Mid,3.0811686878113624,0.66912993729712,ROMS_Hydrodynamic,High
142,Site_50m,50,7.74191279302981,High,3.9929785724853826,0.9110437744916292,ROMS_Hydrodynamic,High
143,Site_50m,50,5.964695170338872,Mid,7.744991147904584,0.49100120738361136,ROMS_Hydrodynamic,High
144,Site_50m,50,9.534279624039854,Mid,3.558359218327526,1.057063012769914,ROMS_Hydrodynamic,High
145,Site_50m,50,5.298342629171599,Low,10.516861573616012,0.17343695577225926,ROMS_Hydrodynamic,High
146,Site_50m,50,7.7006007521011535,Low,4.01184262872348,0.30564705359907696,ROMS_Hydrodynamic,High
147,Site_50m,50,10.816720534939558,High,3.239364885272841,0.8017750579362812,ROMS_Hydrodynamic,High
148,Site_50m,50,4.519012639277598,Mid,9.788935363852527,0.8671048714444963,ROMS_Hydrodynamic,High
149,Site_50m,50,9.108390129136371,Low,17.38342559223944,0.4116310376689047,ROMS_Hydrodynamic,Medium
150,Site_50m,50,5.830043715605226,High,9.686976068764455,0.310140430644498,ROMS_Hydrodynamic,Medium
151,Site_50m,50,4.9036694097551585,Mid,10.021685215631702,0.715049536109829,ROMS_Hydrodynamic,High
152,Site_50m,50,4.99737868355162,Mid,15.867302635938188,0.40030186200096457,ROMS_Hydrodynamic,High
153,Site_50m,50,7.3767178148743655,Low,6.260119009354867,0.8897240537959882,ROMS_Hydrodynamic,High
154,Site_50m,50,7.6895566599898935,High,8.93257410477085,1.0719496570987963,ROMS_Hydrodynamic,High
155,Site_50m,50,7.432335140586416,Mid,8.499129073669312,2.7106720809159457,ROMS_Hydrodynamic,Medium
156,Site_50m,50,6.6683839001701095,High,14.153419427002902,0.5425184386418301,ROMS_Hydrodynamic,High
157,Site_50m,50,6.942404291489908,High,14.535211500478628,0.6547398069047584,ROMS_Hydrodynamic,High
158,Site_50m,50,5.428365161104827,Low,15.733169383427207,1.287920948293642,ROMS_Hydrodynamic,High
159,Site_50m,50,8.49926129051132,High,2.091398759583427,0.2878270091565697,ROMS_Hydrodynamic,High
160,Site_50m,50,10.474711207371957,Mid,5.024994775364263,1.0597205931963136,ROMS_Hydrodynamic,Medium
161,Site_50m,50,11.614067785179051,Mid,6.18860716405945,0.6267998753964443,ROMS_Hydrodynamic,High
162,Site_50m,50,5.750941044047881,Low,6.430545052204073,1.5656247493122208,ROMS_Hydrodynamic,High
163,Site_50m,50,6.5362011851947415,High,6.765055049200049,0.8907781230557794,ROMS_Hydrodynamic,High
164,Site_50m,50,8.7901125159759,Low,6.632788381055949,0.39859379419541185,ROMS_Hydrodynamic,High
165,Site_50m,50,13.352545705965706,High,26.061574639762092,0.7114088513982069,ROMS_Hydrodynamic,Medium
166,Site_50m,50,7.299249428537667,Mid,16.226360123564632,0.7277327355304775,ROMS_Hydrodynamic,High
167,Site_50m,50,8.908713531735437,Mid,17.372758878083374,0.9430376891259394,ROMS_Hydrodynamic,High
168,Site_50m,50,8.56770402798758,High,6.0087498831646915,1.7278468333520494,ROMS_Hydrodynamic,High
169,Site_50m,50,9.55291735741802,High,20.54661765461467,1.3836570990790307,ROMS_Hydrodynamic,Medium
170,Site_50m,50,8.445738381639142,High,8.09757650085578,0.1417711892079616,ROMS_Hydrodynamic,Medium
171,Site_50m,50,9.836877293677853,Mid,8.171408320451194,0.9738957737171806,ROMS_Hydrodynamic,Medium
172,Site_50m,50,9.185498379284622,High,13.92477892911364,0.4528638680003697,ROMS_Hydrodynamic,Medium
173,Site_50m,50,9.688506231040028,Mid,6.5274154450509805,0.7033344964785984,ROMS_Hydrodynamic,High
174,Site_50m,50,8.798290560353584,Mid,6.532288888005864,0.14948665907730668,ROMS_Hydrodynamic,High
175,Site_50m,50,5.26160220842224,Mid,5.994143123565133,1.0139531872505712,ROMS_Hydrodynamic,Medium
176,Site_50m,50,7.239129357003598,Mid,4.14906687562363,0.6101936252764831,ROMS_Hydrodynamic,High
177,Site_50m,50,7.696610868341152,Low,11.18317215598186,0.8472424788304743,ROMS_Hydrodynamic,High
178,Site_50m,50,4.999779304929347,High,1.5602440161851052,0.2810296375446676,ROMS_Hydrodynamic,High
179,Site_50m,50,6.983084591018799,Low,6.151620294181081,0.875532222327103,ROMS_Hydrodynamic,High
180,Site_50m,50,7.270912184291334,Mid,24.301659920628037,0.3591608206819865,ROMS_Hydrodynamic,High
181,Site_50m,50,8.759512765559492,High,9.328434435603661,0.8751053942783685,ROMS_Hydrodynamic,High
182,Site_50m,50,9.349503140251613,Low,6.8403088749410115,0.9550179235579779,ROMS_Hydrodynamic,High
183,Site_50m,50,8.314346509382927,Low,8.123223470381484,0.8111538994625271,ROMS_Hydrodynamic,High
184,Site_50m,50,5.651644322111547,Low,10.308605278854378,0.24532918285125113,ROMS_Hydrodynamic,High
185,Site_50m,50,8.531687939669677,High,12.395079837557358,0.16210798397412596,ROMS_Hydrodynamic,High
186,Site_50m,50,8.935471988705649,High,5.3035701649729265,1.262981729931587,ROMS_Hydrodynamic,High
187,Site_50m,50,10.90158187207998,Mid,15.397049002417532,1.0481434237590768,ROMS_Hydrodynamic,Medium
188,Site_50m,50,6.076436557293803,Low,12.133728797537831,1.0656263338262344,ROMS_Hydrodynamic,High
189,Site_50m,50,4.064831734297712,Low,3.425195992756321,0.4837442744758548,ROMS_Hydrodynamic,Medium
190,Site_50m,50,7.353557280618055,High,13.102533420168674,0.450122469811951,ROMS_Hydrodynamic,High
191,Site_50m,50,6.92593030398398,Low,12.131350232725342,0.0978986925161435,ROMS_Hydrodynamic,High
192,Site_50m,50,6.784722402327847,High,3.5775011465562696,0.622816626807623,ROMS_Hydrodynamic,Medium
193,Site_50m,50,6.202575313037967,High,10.564310475651745,1.259789634337154,ROMS_Hydrodynamic,Medium
194,Site_50m,50,7.520219114812179,High,6.327166792240112,0.45037151373802287,ROMS_Hydrodynamic,High
195,Site_50m,50,9.665054753905117,Mid,4.8138091187921095,1.4943779509392185,ROMS_Hydrodynamic,High
196,Site_50m,50,4.407552017929067,Low,4.38747015481362,0.6516569930987977,ROMS_Hydrodynamic,High
197,Site_50m,50,7.810312511924587,Mid,4.661004967388317,0.5793757800470868,ROMS_Hydrodynamic,High
198,Site_50m,50,6.819071852214903,Low,17.099606506380233,0.41617408678582735,ROMS_Hydrodynamic,High
199,Site_50m,50,11.5998541952734,High,11.081912114028775,1.4451972053120534,ROMS_Hydrodynamic,High
200,Site_50m,50,4.945085299874848,High,8.790237514857399,1.2985835575334044,ROMS_Hydrodynamic,Medium
201,Site_100m,100,17.99742540738819,High,3.3950421736143586,0.6255006375366668,ROMS_Hydrodynamic,Medium
202,Site_100m,100,19.629420622407512,Low,9.28772880677634,0.35371989541469584,ROMS_Hydrodynamic,High
203,Site_100m,100,15.558419797380898,High,9.088589798650544,0.6461771825657028,ROMS_Hydrodynamic,High
204,Site_100m,100,10.993049310407399,High,7.256143919226977,0.9288287353845384,ROMS_Hydrodynamic,Medium
205,Site_100m,100,12.03591142606763,Low,10.382177154528744,1.968982289456395,ROMS_Hydrodynamic,High
206,Site_100m,100,25.863562769039643,Mid,3.1310470701484707,0.3083340731810986,ROMS_Hydrodynamic,High
207,Site_100m,100,7.198048295691987,High,7.500516303901704,0.38411666899716035,ROMS_Hydrodynamic,Medium
208,Site_100m,100,9.541735498054607,High,6.971291748073606,0.9216549832931872,ROMS_Hydrodynamic,High
209,Site_100m,100,10.614649067812838,High,3.551826548536358,0.7904408060357908,ROMS_Hydrodynamic,Medium
210,Site_100m,100,17.338393279046354,High,5.693705067836559,0.35835997055565116,ROMS_Hydrodynamic,Medium
211,Site_100m,100,12.091715726600757,Low,9.763469191001304,0.16589456621579332,ROMS_Hydrodynamic,Medium
212,Site_100m,100,14.819273554038501,Low,15.867442204948865,1.5287274486085636,ROMS_Hydrodynamic,High
213,Site_100m,100,19.66349731203388,High,9.980600608076413,1.4749160015532774,ROMS_Hydrodynamic,Medium
214,Site_100m,100,12.38372304062199,High,7.349388387520419,0.6839103669636089,ROMS_Hydrodynamic,Medium
215,Site_100m,100,14.922475909956054,High,12.81082122601197,0.14802126282301076,ROMS_Hydrodynamic,Medium
216,Site_100m,100,15.266566064023754,High,4.962845681319788,0.735115387374405,ROMS_Hydrodynamic,High
217,Site_100m,100,15.683172758740145,Low,4.8223715715798825,0.2367653220393336,ROMS_Hydrodynamic,High
218,Site_100m,100,22.105412279087844,Low,9.64277658139166,0.2916179280521681,ROMS_Hydrodynamic,High
219,Site_100m,100,17.108238226536248,Low,2.617773965591391,1.4394861406141821,ROMS_Hydrodynamic,High
220,Site_100m,100,8.422285334375717,High,6.720985309320081,0.5354100256401233,ROMS_Hydrodynamic,High
221,Site_100m,100,16.16360727995584,Low,7.277526589239983,0.7947238598820694,ROMS_Hydrodynamic,High
222,Site_100m,100,10.933649585492011,Low,6.997821863628607,0.5888037780485782,ROMS_Hydrodynamic,High
223,Site_100m,100,10.265896780808347,High,7.0884773527795115,0.2899668430596468,ROMS_Hydrodynamic,High
224,Site_100m,100,9.437519183274249,Low,8.829764874430854,0.5296860160245885,ROMS_Hydrodynamic,Medium
225,Site_100m,100,12.003300338991332,High,14.160180485972452,0.9095335487779819,ROMS_Hydrodynamic,High
226,Site_100m,100,16.574265686999528,High,16.251009420412203,0.24197640466295245,ROMS_Hydrodynamic,High
227,Site_100m,100,14.679909406827974,Mid,4.609825396444379,0.5060016465594382,ROMS_Hydrodynamic,High
228,Site_100m,100,12.675978884174047,Mid,3.6933781916333617,0.5708215576658022,ROMS_Hydrodynamic,High
229,Site_100m,100,11.925687883254406,Mid,8.43572128940876,1.5271447848352677,ROMS_Hydrodynamic,Medium
230,Site_100m,100,15.964253926161927,Mid,6.986899538325819,0.9892662877373829,ROMS_Hydrodynamic,High
231,Site_100m,100,14.752909263810468,High,6.6981017244203915,0.5512489250487825,ROMS_Hydrodynamic,High
232,Site_100m,100,14.87130597751096,Mid,10.61520885735042,0.7429434697980051,ROMS_Hydrodynamic,Medium
233,Site_100m,100,13.422834273047254,High,9.548050891142406,1.249867628889336,ROMS_Hydrodynamic,High
234,Site_100m,100,16.708594443841292,Low,3.5676317192975007,0.3730468702883879,ROMS_Hydrodynamic,High
235,Site_100m,100,15.794037466784191,Low,4.105253946441861,0.7111213548811508,ROMS_Hydrodynamic,High
236,Site_100m,100,9.164739727270709,Low,10.987380192216179,0.9510764230348567,ROMS_Hydrodynamic,High
237,Site_100m,100,16.20051876386548,Mid,7.095641009350922,0.2943446399423709,ROMS_Hydrodynamic,High
238,Site_100m,100,16.47075277553535,High,11.207875226799112,0.504799105517045,ROMS_Hydrodynamic,Medium
239,Site_100m,100,9.73762753613288,Mid,17.16380286610633,0.8730647031310816,ROMS_Hydrodynamic,Medium
240,Site_100m,100,21.525315035373424,Low,7.790595794105872,0.19668980085111337,ROMS_Hydrodynamic,High
241,Site_100m,100,17.884411892624616,Mid,14.228289997969947,0.7689529374173536,ROMS_Hydrodynamic,High
242,Site_100m,100,7.374945808270543,Mid,6.449559629132957,0.6981478538546941,ROMS_Hydrodynamic,High
243,Site_100m,100,10.960239512637143,Mid,4.156505533138581,1.4984188082204892,ROMS_Hydrodynamic,High
244,Site_100m,100,16.047959703855277,High,13.472813794937382,0.32902334223039986,ROMS_Hydrodynamic,High
245,Site_100m,100,18.328758869572123,Mid,2.9199042433651297,0.42991213327690975,ROMS_Hydrodynamic,High
246,Site_100m,100,22.667404762508795,Low,4.029152467356695,1.220757919713587,ROMS_Hydrodynamic,High
247,Site_100m,100,14.324891267276595,High,10.655630918291024,0.27729939735287146,ROMS_Hydrodynamic,High
248,Site_100m,100,12.954163903718264,Low,9.237278644364526,0.7571377871388492,ROMS_Hydrodynamic,High
249,Site_100m,100,15.927036385482685,Mid,15.413897253327272,1.2274973049402678,ROMS_Hydrodynamic,High
250,Site_100m,100,14.709368669144986,Mid,8.775090167244489,0.7263832376239701,ROMS_Hydrodynamic,High
251,Site_100m,100,15.875863903868389,Mid,15.303605975627004,1.645980944469169,ROMS_Hydrodynamic,High
252,Site_100m,100,14.371594894688373,Mid,5.213621409121545,0.35602089961785344,ROMS_Hydrodynamic,High
253,Site_100m,100,16.136628980232217,Low,19.724749538773565,0.6349443277607812,ROMS_Hydrodynamic,Medium
254,Site_100m,100,10.461243806278933,High,7.357777462179593,0.7054925783354509,ROMS_Hydrodynamic,High
255,Site_100m,100,14.637740778510812,Low,16.456346341638614,1.113196755303452,ROMS_Hydrodynamic,High
256,Site_100m,100,19.703406899634352,Low,9.274300132217949,1.1641378004781424,ROMS_Hydrodynamic,High
257,Site_100m,100,15.075214287386478,Mid,10.287009003765187,2.052576449335787,ROMS_Hydrodynamic,High
258,Site_100m,100,17.656715507722716,High,4.536014007812302,2.7702621600906694,ROMS_Hydrodynamic,High
259,Site_100m,100,11.984042848874706,High,3.411422962689021,0.32096563871027484,ROMS_Hydrodynamic,High
260,Site_100m,100,12.71066315926969,Low,2.2677320201665694,0.48279884085608143,ROMS_Hydrodynamic,Medium
261,Site_100m,100,12.825922695423154,Low,9.137865081309975,0.1911713745563729,ROMS_Hydrodynamic,High
262,Site_100m,100,12.627349745679592,Mid,3.4607765310201004,0.5676601524974395,ROMS_Hydrodynamic,Medium
263,Site_100m,100,17.32730509534116,High,6.0755322528670055,0.920716260858101,ROMS_Hydrodynamic,High
264,Site_100m,100,9.590415526333539,Low,5.643449511118179,0.9887747708450079,ROMS_Hydrodynamic,High
265,Site_100m,100,7.956965218276504,Mid,2.3478316217103536,0.5773885190375472,ROMS_Hydrodynamic,High
266,Site_100m,100,11.271168084901385,Mid,7.044411819207928,0.6671846097499168,ROMS_Hydrodynamic,Medium
267,Site_100m,100,14.829852144125164,Mid,2.8325610193516213,0.622644150377381,ROMS_Hydrodynamic,High
268,Site_100m,100,7.953130520109372,Mid,10.49934041006855,0.8253312316545517,ROMS_Hydrodynamic,High
269,Site_100m,100,16.175535629280187,Mid,5.646863645402499,0.44141335736708176,ROMS_Hydrodynamic,High
270,Site_100m,100,7.09085377363479,Low,5.160670191011583,0.515771981019366,ROMS_Hydrodynamic,Medium
271,Site_100m,100,15.656515739729262,Low,9.152505357282713,1.2440645052405355,ROMS_Hydrodynamic,High
272,Site_100m,100,17.55604450810954,Mid,8.04505491212256,1.1354252419427397,ROMS_Hydrodynamic,High
273,Site_100m,100,18.855474692124936,Mid,7.383849486518756,0.6220878349401019,ROMS_Hydrodynamic,High
274,Site_100m,100,15.649375829166402,Low,2.6043340489780706,1.1506647088658652,ROMS_Hydrodynamic,Medium
275,Site_100m,100,12.135495212117043,Low,8.116886844331901,0.3436334411363289,ROMS_Hydrodynamic,Medium
276,Site_100m,100,11.304390682692294,High,16.68326605775403,0.42053656424253766,ROMS_Hydrodynamic,High
277,Site_100m,100,13.577906299108406,Mid,7.983028936794627,1.2348091093808389,ROMS_Hydrodynamic,High
278,Site_100m,100,13.726501426817736,Mid,18.273499733995827,0.2795814195671627,ROMS_Hydrodynamic,Medium
279,Site_100m,100,13.251946084388331,Mid,5.706822631208641,0.2025897257791317,ROMS_Hydrodynamic,Medium
280,Site_100m,100,11.553985799056555,Low,7.038513192385398,0.4825740358860145,ROMS_Hydrodynamic,High
281,Site_100m,100,13.909586802113722,High,6.134077286705594,0.45726593542735555,ROMS_Hydrodynamic,High
282,Site_100m,100,15.780821738548134,Mid,17.690114995436076,1.3616254702033928,ROMS_Hydrodynamic,High
283,Site_100m,100,9.966603151231846,High,7.834594610827711,0.48197406991878017,ROMS_Hydrodynamic,High
284,Site_100m,100,15.27445043414094,Mid,8.386610524064416,0.8430617366190409,ROMS_Hydrodynamic,High
285,Site_100m,100,10.952633632302302,High,14.500264116652662,0.04073590952629006,ROMS_Hydrodynamic,Medium
286,Site_100m,100,11.770042999107442,Low,11.405402462480371,0.16283800024115136,ROMS_Hydrodynamic,High
287,Site_100m,100,16.07080756383628,Mid,6.967393451473177,0.8632223925978839,ROMS_Hydrodynamic,High
288,Site_100m,100,7.788991154206735,Mid,18.30829600596734,0.702568192829141,ROMS_Hydrodynamic,High
289,Site_100m,100,11.67996416354712,Low,13.227975427235615,0.4493280408933924,ROMS_Hydrodynamic,High
290,Site_100m,100,18.602565217762255,Mid,15.126823060831327,0.703968569229247,ROMS_Hydrodynamic,High
291,Site_100m,100,13.805694740140545,High,12.161904139038443,0.2354440061959477,ROMS_Hydrodynamic,Medium
292,Site_100m,100,17.3666439294627,Low,6.706456053761997,0.699449376522228,ROMS_Hydrodynamic,High
293,Site_100m,100,18.871444234358265,Mid,2.183506924412817,0.035306615992829644,ROMS_Hydrodynamic,High
294,Site_100m,100,12.54881403397449,High,7.470408134899717,0.1703163587347601,ROMS_Hydrodynamic,High
295,Site_100m,100,8.985574229457766,Low,4.077434483210759,1.2361118262794626,ROMS_Hydrodynamic,High
296,Site_100m,100,10.067329136883366,Mid,3.1166809570749265,1.8135516182434008,ROMS_Hydrodynamic,High
297,Site_100m,100,18.855600951984545,High,2.856095603914909,1.2641763616414288,ROMS_Hydrodynamic,Medium
298,Site_100m,100,11.706938398169147,High,27.33164409509052,0.9972030139902517,ROMS_Hydrodynamic,Medium
299,Site_100m,100,12.75385765669238,Low,18.23821607770353,1.8844490127168694,ROMS_Hydrodynamic,High
300,Site_100m,100,21.297032406297884,High,14.562248542902742,1.0812633658281772,ROMS_Hydrodynamic,Medium
301,Site_250m,250,37.64817084828862,High,7.977570107530045,1.4552475254417092,ROMS_Hydrodynamic,High
302,Site_250m,250,31.725962851408514,High,8.171981729599795,1.9706012711432572,ROMS_Hydrodynamic,High
303,Site_250m,250,40.899693393509494,High,8.85793987751252,0.655737650620746,ROMS_Hydrodynamic,High
304,Site_250m,250,81.44984422879465,High,1.5134619222165029,0.49062244423216,ROMS_Hydrodynamic,High
305,Site_250m,250,36.98154654786461,Low,7.176554498254463,0.7657159997888037,ROMS_Hydrodynamic,High
306,Site_250m,250,35.676039597876766,High,7.2228711649932675,1.376555413488009,ROMS_Hydrodynamic,High
307,Site_250m,250,42.93586681372268,Low,11.7104377917615,0.5194397559167307,ROMS_Hydrodynamic,High
308,Site_250m,250,78.0714029767799,Low,8.865125816756695,0.7981136068126069,ROMS_Hydrodynamic,High
309,Site_250m,250,32.026288013280045,High,4.3446923790539,0.5653842026506339,ROMS_Hydrodynamic,Medium
310,Site_250m,250,49.66483219655195,Low,8.00120765578985,0.7427328297207665,ROMS_Hydrodynamic,High
311,Site_250m,250,32.34158766943784,Low,24.65694355150913,0.7025374979861589,ROMS_Hydrodynamic,Medium
312,Site_250m,250,51.03382983932422,Low,11.336772495492932,2.0617042999834516,ROMS_Hydrodynamic,High
313,Site_250m,250,31.362784665542947,Mid,2.0224991503846383,0.12223243612177032,ROMS_Hydrodynamic,High
314,Site_250m,250,41.79464235569633,Mid,12.892882118759697,1.3450685758920038,ROMS_Hydrodynamic,High
315,Site_250m,250,57.47912444283109,Mid,6.60409441412535,0.6081790816822522,ROMS_Hydrodynamic,High
316,Site_250m,250,47.272321819522595,Low,6.334660384866285,0.17763469787445318,ROMS_Hydrodynamic,High
317,Site_250m,250,42.05099126928539,High,6.568674985629751,0.6193550505655394,ROMS_Hydrodynamic,High
318,Site_250m,250,24.7657432115555,Low,4.521677585088094,0.33616927592092705,ROMS_Hydrodynamic,High
319,Site_250m,250,62.650437570063204,High,2.77479922254577,2.2700954184276063,ROMS_Hydrodynamic,High
320,Site_250m,250,48.495107012912065,High,17.15843486274619,0.6115581304730675,ROMS_Hydrodynamic,High
321,Site_250m,250,102.04510145152676,Low,4.216810599687301,0.286422388988043,ROMS_Hydrodynamic,High
322,Site_250m,250,31.16090957237265,Mid,10.232780417935958,0.4679309632122812,ROMS_Hydrodynamic,Medium
323,Site_250m,250,43.629210603646996,Low,1.8930017946006452,0.5650985619162158,ROMS_Hydrodynamic,Medium
324,Site_250m,250,35.37376072675305,Low,13.956004481403816,0.5491980503016429,ROMS_Hydrodynamic,High
325,Site_250m,250,42.162957927354704,Low,5.025885910099687,0.6833529338057671,ROMS_Hydrodynamic,High
326,Site_250m,250,63.86420556738026,Low,9.838565841101502,2.1771781373713934,ROMS_Hydrodynamic,High
327,Site_250m,250,41.88231413627673,Mid,9.038201157092727,1.0686219581630254,ROMS_Hydrodynamic,High
328,Site_250m,250,66.85873955988066,Mid,2.09958568404687,0.14106035190046917,ROMS_Hydrodynamic,High
329,Site_250m,250,35.906367787718494,High,11.13184536578866,1.9022533077527894,ROMS_Hydrodynamic,High
330,Site_250m,250,40.10777533521603,Mid,9.058027067962144,1.5517135460796965,ROMS_Hydrodynamic,High
331,Site_250m,250,46.453707661085886,Mid,2.683227350869245,0.2226275115433777,ROMS_Hydrodynamic,Medium
332,Site_250m,250,40.04899168419581,High,11.212054373766168,0.9755729353608213,ROMS_Hydrodynamic,Medium
333,Site_250m,250,29.24425210223206,High,4.907895414929808,0.20691469917910085,ROMS_Hydrodynamic,High
334,Site_250m,250,43.02543212280973,Low,4.28404796394571,0.6504991026305786,ROMS_Hydrodynamic,High
335,Site_250m,250,28.527476175764022,Low,9.815890569803093,0.05699877455759287,ROMS_Hydrodynamic,High
336,Site_250m,250,62.0491976505516,Low,4.684667387611199,1.6813155357119163,ROMS_Hydrodynamic,High
337,Site_250m,250,41.71411099455732,Mid,9.737658542280805,2.038326599523734,ROMS_Hydrodynamic,High
338,Site_250m,250,48.78123153492225,Mid,4.868064333624084,1.4926365209653563,ROMS_Hydrodynamic,High
339,Site_250m,250,25.805163118796244,Mid,5.912155197986782,0.9011846626751784,ROMS_Hydrodynamic,High
340,Site_250m,250,54.65708386933561,Mid,2.7286455622833965,0.23914581300711985,ROMS_Hydrodynamic,High
341,Site_250m,250,35.22477261764554,High,2.2885203159469816,0.4064341355634466,ROMS_Hydrodynamic,Medium
342,Site_250m,250,60.07111755514459,High,3.1478084750942275,0.02930116280529233,ROMS_Hydrodynamic,High
343,Site_250m,250,59.555361251708696,High,6.900127871891273,0.5634801600769392,ROMS_Hydrodynamic,High
344,Site_250m,250,47.46322183729188,Mid,7.243987466035453,0.30838437921474343,ROMS_Hydrodynamic,Medium
345,Site_250m,250,41.06631591617267,Mid,2.5669609303805494,0.12985274257614274,ROMS_Hydrodynamic,Medium
346,Site_250m,250,63.24145516491658,High,9.11126883961661,1.2910442254701584,ROMS_Hydrodynamic,High
347,Site_250m,250,50.36298404731725,High,3.7011342765822186,1.0051061244434232,ROMS_Hydrodynamic,High
348,Site_250m,250,37.507444193706135,Mid,12.039476326126014,1.6437650373964094,ROMS_Hydrodynamic,High
349,Site_250m,250,29.131094352712775,Low,3.211212020171857,0.7360404424243148,ROMS_Hydrodynamic,Medium
350,Site_250m,250,32.28056951675655,High,11.271001520806294,0.604698374105753,ROMS_Hydrodynamic,High
351,Site_250m,250,49.358990508845416,Mid,4.198637443155015,0.2870600727466257,ROMS_Hydrodynamic,High
352,Site_250m,250,33.04984830521338,High,11.572632327397649,0.8347304676325035,ROMS_Hydrodynamic,High
353,Site_250m,250,47.40486345166836,Mid,9.950115368097716,1.0867671149210787,ROMS_Hydrodynamic,High
354,Site_250m,250,49.62246817243466,Mid,8.25885512084251,0.5094827680761491,ROMS_Hydrodynamic,High
355,Site_250m,250,64.4021346698301,Low,10.353487737461963,0.5699954090623238,ROMS_Hydrodynamic,High
356,Site_250m,250,36.87882900456195,Mid,22.01728138587231,0.03172950106806959,ROMS_Hydrodynamic,Medium
357,Site_250m,250,50.465986268379005,Mid,6.008131355755067,0.4153572953893885,ROMS_Hydrodynamic,High
358,Site_250m,250,35.57952328707968,Mid,3.2445218545721026,0.15196767453421892,ROMS_Hydrodynamic,High
359,Site_250m,250,27.59013187518895,Mid,13.41615835456515,0.07059699497887521,ROMS_Hydrodynamic,High
360,Site_250m,250,51.19257663857726,Low,5.1490718429577775,0.2048005846664286,ROMS_Hydrodynamic,High
361,Site_250m,250,52.25824338961646,Low,10.762112321662293,0.5226011746989009,ROMS_Hydrodynamic,High
362,Site_250m,250,44.87305856389903,Low,6.857856394854698,0.2764299192217145,ROMS_Hydrodynamic,High
363,Site_250m,250,44.80035767295455,High,4.549420299476278,1.0861850993778226,ROMS_Hydrodynamic,High
364,Site_250m,250,77.81109077819494,Low,4.714293457605763,0.7284086566433092,ROMS_Hydrodynamic,High
365,Site_250m,250,23.340765084493984,Mid,8.342579558698684,0.29991741254711174,ROMS_Hydrodynamic,High
366,Site_250m,250,47.3607129323712,High,1.3409467516366624,0.06232757112528841,ROMS_Hydrodynamic,High
367,Site_250m,250,26.21524415399874,Low,5.769367971853785,0.6729364903290662,ROMS_Hydrodynamic,Medium
368,Site_250m,250,20.964616486473705,High,8.567884695569159,0.5901564690033229,ROMS_Hydrodynamic,High
369,Site_250m,250,43.90591722517937,Low,7.992520622164646,0.18616324935983003,ROMS_Hydrodynamic,Medium
370,Site_250m,250,55.92147268002777,High,5.846760447228171,0.5657314504334096,ROMS_Hydrodynamic,High
371,Site_250m,250,40.47231143724136,High,2.846872340486161,1.0104771135282782,ROMS_Hydrodynamic,High
372,Site_250m,250,45.83868117755214,Mid,19.755888932662067,0.37654481031572884,ROMS_Hydrodynamic,High
373,Site_250m,250,51.95697683389386,Mid,13.462012023716152,0.09391817044044382,ROMS_Hydrodynamic,High
374,Site_250m,250,37.274696785308244,Low,8.668221944414197,0.7626950461741031,ROMS_Hydrodynamic,High
375,Site_250m,250,46.230354685216305,Mid,12.224078665417425,0.5258019827803588,ROMS_Hydrodynamic,High
376,Site_250m,250,51.21383220943214,High,7.277441659517386,0.17111696244182195,ROMS_Hydrodynamic,High
377,Site_250m,250,50.580295192484684,High,4.309289753701169,0.78037619606111,ROMS_Hydrodynamic,High
378,Site_250m,250,33.460765222600266,Mid,6.339076772073854,1.58863219665592,ROMS_Hydrodynamic,High
379,Site_250m,250,30.45629428203355,Mid,8.261141766633532,0.28120797869413355,ROMS_Hydrodynamic,High
380,Site_250m,250,30.72810032380877,Mid,10.390906310782666,1.3074546421356485,ROMS_Hydrodynamic,High
381,Site_250m,250,44.79957089973512,High,9.642998886060097,0.2454374294503163,ROMS_Hydrodynamic,High
382,Site_250m,250,55.72239248469174,High,4.568961966989104,0.5029379764530587,ROMS_Hydrodynamic,High
383,Site_250m,250,34.872699103259045,High,4.1673077955670665,0.18500231880647106,ROMS_Hydrodynamic,High
384,Site_250m,250,40.704064980016824,Mid,1.3950353763611307,0.84991160298024,ROMS_Hydrodynamic,High
385,Site_250m,250,33.168147890050776,Mid,3.6266064086554897,0.4207057242286439,ROMS_Hydrodynamic,High
386,Site_250m,250,51.17420828182359,Low,12.810663109195133,0.21992308427866072,ROMS_Hydrodynamic,High
387,Site_250m,250,40.97033070005168,Mid,22.2829582695211,0.6132577342155002,ROMS_Hydrodynamic,High
388,Site_250m,250,73.15820963070948,High,7.234036502385319,1.8470167092363523,ROMS_Hydrodynamic,High
389,Site_250m,250,38.2408263006466,Mid,8.285289948086039,0.03459913801525782,ROMS_Hydrodynamic,High
390,Site_250m,250,51.78918098843824,Low,4.526859695727197,1.6999899001953638,ROMS_Hydrodynamic,High
391,Site_250m,250,42.80219677090129,Low,13.602823576412558,1.403777040918599,ROMS_Hydrodynamic,High
392,Site_250m,250,27.243829552065314,Low,8.935378376694647,0.2656053492141942,ROMS_Hydrodynamic,Medium
393,Site_250m,250,53.66194359656997,Low,9.450646931840783,0.6803472952735174,ROMS_Hydrodynamic,High
394,Site_250m,250,47.65874762070852,Mid,7.380783445269481,2.519156502486979,ROMS_Hydrodynamic,Medium
395,Site_250m,250,33.180207394192976,Mid,13.704835730621767,1.1880988928531822,ROMS_Hydrodynamic,High
396,Site_250m,250,49.70110640563248,High,7.871773771545315,0.6822844899720988,ROMS_Hydrodynamic,Medium
397,Site_250m,250,40.319102235880166,Mid,11.552692091974016,0.8184107448324488,ROMS_Hydrodynamic,High
398,Site_250m,250,71.76297455808232,Low,7.476562936567555,0.15701751779675577,ROMS_Hydrodynamic,High
399,Site_250m,250,26.194985762236488,Mid,7.237726327093767,0.23898159437041927,ROMS_Hydrodynamic,High
400,Site_250m,250,28.43862118884166,Mid,5.110035236995149,1.5611550725121197,ROMS_Hydrodynamic,High
401,Site_500m,500,97.85413359789571,High,4.405867799528243,1.6804409246429561,ROMS_Hydrodynamic,Medium
402,Site_500m,500,148.19797229357397,Mid,10.265888221504238,0.8508638220233904,ROMS_Hydrodynamic,Medium
403,Site_500m,500,131.37012024900707,High,11.570272593220977,0.9462487626913347,ROMS_Hydrodynamic,Medium
404,Site_500m,500,113.8180379271823,Mid,9.412965459962958,0.23896318412492845,ROMS_Hydrodynamic,Medium
405,Site_500m,500,152.24485761800634,Mid,8.752058609031739,0.22435207317379577,ROMS_Hydrodynamic,High
406,Site_500m,500,127.36555363441376,High,12.408091542144053,1.4031515962204706,ROMS_Hydrodynamic,High
407,Site_500m,500,108.05390854105178,Mid,7.734795796722816,0.9467760514126546,ROMS_Hydrodynamic,High
408,Site_500m,500,112.45077333225471,Mid,2.9377817926834195,0.35842803425005487,ROMS_Hydrodynamic,High
409,Site_500m,500,92.12365086822523,High,17.882939529761167,1.2345213414512612,ROMS_Hydrodynamic,High
410,Site_500m,500,129.079623910724,Mid,7.1540719232074625,0.428039799822526,ROMS_Hydrodynamic,High
411,Site_500m,500,122.1057262871146,High,11.357363004323375,0.07427236930881069,ROMS_Hydrodynamic,Medium
412,Site_500m,500,113.52841241422314,Mid,3.8552340677624555,1.0666125892749383,ROMS_Hydrodynamic,High
413,Site_500m,500,128.72310785300178,Mid,6.9192323170490075,0.4839173901029792,ROMS_Hydrodynamic,High
414,Site_500m,500,102.85760463610593,Mid,16.440873121567584,0.6891177747551951,ROMS_Hydrodynamic,High
415,Site_500m,500,74.91068782065872,High,3.67878444902421,0.5573401949564051,ROMS_Hydrodynamic,High
416,Site_500m,500,193.30483812579902,Low,19.687584784397224,1.0836708712002554,ROMS_Hydrodynamic,High
417,Site_500m,500,94.69385951009642,High,6.867591200387366,0.8664122000996386,ROMS_Hydrodynamic,High
418,Site_500m,500,63.680982334206476,High,7.274915593901023,2.4504728188012765,ROMS_Hydrodynamic,Medium
419,Site_500m,500,136.95775586960235,Mid,17.882848685970796,0.8499259194475836,ROMS_Hydrodynamic,High
420,Site_500m,500,258.0474294719191,Mid,6.237173676489508,0.13241018689061887,ROMS_Hydrodynamic,Medium
421,Site_500m,500,113.71621449092203,High,8.372491844283088,1.4033371500085146,ROMS_Hydrodynamic,High
422,Site_500m,500,175.39828054114346,Mid,10.79294105043991,0.5395458738902134,ROMS_Hydrodynamic,High
423,Site_500m,500,204.70115334197146,Low,2.8597004265546255,1.0694350967525121,ROMS_Hydrodynamic,High
424,Site_500m,500,112.36158474715947,Low,3.6711597273559984,0.372034787078657,ROMS_Hydrodynamic,High
425,Site_500m,500,62.13242374522214,Low,9.358763714476506,0.26794177235953315,ROMS_Hydrodynamic,High
426,Site_500m,500,144.56903073059982,Mid,2.175511130063263,0.42193400080227744,ROMS_Hydrodynamic,High
427,Site_500m,500,119.57090834890045,Low,3.9135959984908952,1.0626531992526127,ROMS_Hydrodynamic,Medium
428,Site_500m,500,126.32788343389964,Mid,7.050045436119952,1.5688375047251384,ROMS_Hydrodynamic,High
429,Site_500m,500,161.32726255029843,High,11.284360431464323,0.7638857217731965,ROMS_Hydrodynamic,Medium
430,Site_500m,500,153.16841075991525,Low,5.836580855776344,0.22113834401449664,ROMS_Hydrodynamic,High
431,Site_500m,500,121.50007637754129,Low,8.070315451543731,2.534117427539139,ROMS_Hydrodynamic,High
432,Site_500m,500,171.94167810887424,Low,5.107735645155907,1.1608854251625211,ROMS_Hydrodynamic,High
433,Site_500m,500,113.70822399631929,High,7.014616508579031,0.3865331450085222,ROMS_Hydrodynamic,High
434,Site_500m,500,142.59130184034575,High,4.74918528214198,0.19072078270553178,ROMS_Hydrodynamic,High
435,Site_500m,500,168.07570930261932,Low,7.5342244962805545,0.48506580411792605,ROMS_Hydrodynamic,High
436,Site_500m,500,83.77264923889467,Mid,9.063077251385698,0.44683758027752135,ROMS_Hydrodynamic,High
437,Site_500m,500,196.6827258097095,High,9.91111085938873,0.6632504258933118,ROMS_Hydrodynamic,High
438,Site_500m,500,139.16856599744557,High,6.197864805839973,0.35892584959789475,ROMS_Hydrodynamic,Medium
439,Site_500m,500,134.38985299243421,Mid,17.21913830826805,0.26993421293801884,ROMS_Hydrodynamic,High
440,Site_500m,500,121.99761575938247,Mid,9.707797540247855,0.6335773340030829,ROMS_Hydrodynamic,High
441,Site_500m,500,119.794206978217,Mid,9.337903773270773,0.61689551962872,ROMS_Hydrodynamic,Medium
442,Site_500m,500,83.82100338562101,High,22.417216553740303,0.3164507635795845,ROMS_Hydrodynamic,High
443,Site_500m,500,127.2637291216277,Low,15.66042922362757,1.315709354737969,ROMS_Hydrodynamic,Medium
444,Site_500m,500,168.79261936072908,Low,10.549656838208424,1.1773609516236698,ROMS_Hydrodynamic,High
445,Site_500m,500,117.52475302998928,High,9.905668677668526,0.16000542963689088,ROMS_Hydrodynamic,High
446,Site_500m,500,92.21297895681907,Mid,7.550228193932389,0.37619005717217213,ROMS_Hydrodynamic,High
447,Site_500m,500,96.49362605561187,Mid,8.183299242158471,0.47337862731732205,ROMS_Hydrodynamic,Medium
448,Site_500m,500,180.94890049939065,Mid,6.914723021332184,2.267722428781675,ROMS_Hydrodynamic,High
449,Site_500m,500,126.88672544515165,Low,10.917354722519882,2.0763551799018884,ROMS_Hydrodynamic,High
450,Site_500m,500,155.30485357328214,Low,6.894999496150708,0.8280768349085069,ROMS_Hydrodynamic,High
451,Site_500m,500,190.8556822131964,Mid,8.403357865426909,1.2869633496143962,ROMS_Hydrodynamic,High
452,Site_500m,500,67.19424490235797,High,12.604996956179324,0.4290575082464678,ROMS_Hydrodynamic,High
453,Site_500m,500,118.68454465191267,High,5.060035260216633,0.8851577784756808,ROMS_Hydrodynamic,Medium
454,Site_500m,500,126.84076292741517,Mid,7.893288643552465,0.901589028273582,ROMS_Hydrodynamic,High
455,Site_500m,500,237.75200213149128,Low,3.820114597408103,0.4812871099592137,ROMS_Hydrodynamic,High
456,Site_500m,500,138.46565727636693,Mid,4.237156399063355,1.089848287474738,ROMS_Hydrodynamic,High
457,Site_500m,500,160.87130772191287,Low,12.895963403071091,1.8627699117151093,ROMS_Hydrodynamic,High
458,Site_500m,500,97.70313455451485,High,11.101824844763868,0.5866419795365356,ROMS_Hydrodynamic,Medium
459,Site_500m,500,131.62484670582066,Mid,5.682242914920113,3.398960689156117,ROMS_Hydrodynamic,Medium
460,Site_500m,500,135.7609095803222,Mid,12.318011751574423,0.10787991859173539,ROMS_Hydrodynamic,High
461,Site_500m,500,102.20263709715023,Mid,23.451381049098202,0.4609070457048991,ROMS_Hydrodynamic,Medium
462,Site_500m,500,90.5510224805373,Low,14.883842596505566,0.32108321464330125,ROMS_Hydrodynamic,Medium
463,Site_500m,500,190.1968638689348,Mid,10.06817091535376,0.7468851416182345,ROMS_Hydrodynamic,High
464,Site_500m,500,118.42889966948901,High,12.674453398555016,0.5062484910033046,ROMS_Hydrodynamic,High
465,Site_500m,500,116.81195814329178,Low,9.015710087208632,0.5002488267308741,ROMS_Hydrodynamic,High
466,Site_500m,500,233.0618870954817,High,10.435219788495669,0.43945266119279136,ROMS_Hydrodynamic,High
467,Site_500m,500,259.9372558375053,Mid,18.97966321825427,0.8613357976115368,ROMS_Hydrodynamic,High
468,Site_500m,500,127.81998744434144,High,11.018446436303307,0.7063187536394091,ROMS_Hydrodynamic,High
469,Site_500m,500,90.46709722335417,Mid,9.944722854599254,1.6813661086119418,ROMS_Hydrodynamic,High
470,Site_500m,500,95.11565146568736,Low,8.862781967358238,0.37767593256162246,ROMS_Hydrodynamic,High
471,Site_500m,500,198.7883552265776,Low,6.912982600567846,0.39641985487305975,ROMS_Hydrodynamic,High
472,Site_500m,500,168.69016437353017,Low,3.2190653444875004,0.18161022990686776,ROMS_Hydrodynamic,High
473,Site_500m,500,308.2506033871466,Low,23.462835739504026,0.8345539785102342,ROMS_Hydrodynamic,Medium
474,Site_500m,500,110.73943411956412,High,6.518793604624077,0.2669463356897202,ROMS_Hydrodynamic,High
475,Site_500m,500,124.07025457226959,High,10.448680260182918,1.0475882141482094,ROMS_Hydrodynamic,High
476,Site_500m,500,144.6860108237574,Mid,5.74902027795824,0.021836003001385045,ROMS_Hydrodynamic,High
477,Site_500m,500,94.36490413439212,Mid,7.8837421382676744,0.6044198507301086,ROMS_Hydrodynamic,High
478,Site_500m,500,99.00633140062382,High,6.544479297037242,1.149816346104359,ROMS_Hydrodynamic,Medium
479,Site_500m,500,180.79363953116382,High,12.98766184079618,1.1213575757554775,ROMS_Hydrodynamic,High
480,Site_500m,500,146.61438184895056,Mid,14.161178101444342,0.17829112789193313,ROMS_Hydrodynamic,High
481,Site_500m,500,154.55117660856305,High,11.200634456920266,0.29544466174556877,ROMS_Hydrodynamic,High
482,Site_500m,500,99.85127093874952,Mid,27.123219083265077,0.6804363163396707,ROMS_Hydrodynamic,High
483,Site_500m,500,139.40020379579877,Mid,3.428918334351283,1.1350685110083367,ROMS_Hydrodynamic,High
484,Site_500m,500,99.41623489457334,Mid,5.786854937830256,0.25757051368392353,ROMS_Hydrodynamic,Medium
485,Site_500m,500,198.23937751389758,Mid,21.321595263572366,0.7362071220354645,ROMS_Hydrodynamic,High
486,Site_500m,500,106.68911769478264,Mid,9.65798995907173,1.2395072090968782,ROMS_Hydrodynamic,Medium
487,Site_500m,500,165.46776188181812,High,3.9149332251396274,0.8742151510694026,ROMS_Hydrodynamic,High
488,Site_500m,500,196.72623237098907,Low,21.243939039795528,0.3661163215661122,ROMS_Hydrodynamic,High
489,Site_500m,500,205.98228145243118,Low,21.891876402931064,0.48971575791717675,ROMS_Hydrodynamic,High
490,Site_500m,500,124.2796495908401,High,4.089625878216711,0.8713372147919497,ROMS_Hydrodynamic,High
491,Site_500m,500,105.8891788015181,Mid,12.187591600246066,0.22785621485111518,ROMS_Hydrodynamic,High
492,Site_500m,500,168.19770019109941,High,3.828570689581423,0.9460595987698691,ROMS_Hydrodynamic,High
493,Site_500m,500,92.8489616205597,Low,9.73507422155058,0.35587274740247077,ROMS_Hydrodynamic,High
494,Site_500m,500,184.9037195354878,Low,8.78552876610771,0.8833160284139399,ROMS_Hydrodynamic,Medium
495,Site_500m,500,98.51227802801377,Mid,6.597814577791603,0.9450574135402596,ROMS_Hydrodynamic,High
496,Site_500m,500,117.89645089210933,Low,17.324782934054817,0.9598224019248985,ROMS_Hydrodynamic,High
497,Site_500m,500,176.6342695295079,Mid,2.7327279677089953,0.4971259955639223,ROMS_Hydrodynamic,High
498,Site_500m,500,128.20923295701027,Mid,2.460461574933179,1.0820998432627806,ROMS_Hydrodynamic,High
499,Site_500m,500,203.9379378233191,Low,7.5884556768885405,0.7046253018592119,ROMS_Hydrodynamic,High
500,Site_500m,500,155.32145203497006,Mid,6.900174815275961,0.16969837179177827,ROMS_Hydrodynamic,High
501,Site_1000m,1000,297.7175873449405,Low,2.4991657218158188,1.1792859399784053,ROMS_Hydrodynamic,High
502,Site_1000m,1000,410.58069159448286,Low,7.332173192219379,0.9420036896844132,ROMS_Hydrodynamic,High
503,Site_1000m,1000,364.18630300423973,High,12.459327960488075,0.904282853071118,ROMS_Hydrodynamic,High
504,Site_1000m,1000,433.98268558507147,High,25.907448327012958,0.44751424228099207,ROMS_Hydrodynamic,Medium
505,Site_1000m,1000,330.3322526918763,High,10.364533575839964,0.5134698930876449,ROMS_Hydrodynamic,High
506,Site_1000m,1000,395.50729714927434,Low,7.84492631017379,0.9368049176189095,ROMS_Hydrodynamic,High
507,Site_1000m,1000,538.8256284581344,Mid,4.1221817186089975,2.9819575608326385,ROMS_Hydrodynamic,High
508,Site_1000m,1000,401.2158114486192,Mid,3.3178760982928974,1.2042636609509145,ROMS_Hydrodynamic,High
509,Site_1000m,1000,645.922966899651,High,4.686833654252762,0.10747479763007153,ROMS_Hydrodynamic,High
510,Site_1000m,1000,492.3391865579842,High,4.085555785123856,0.26397839672160367,ROMS_Hydrodynamic,High
511,Site_1000m,1000,284.8343277143706,High,9.176534080830159,0.41638107021935933,ROMS_Hydrodynamic,Medium
512,Site_1000m,1000,351.4292145715236,Low,7.105287925765365,0.8171788155536372,ROMS_Hydrodynamic,High
513,Site_1000m,1000,597.3280725994498,Mid,10.219285553380502,0.8966768364106316,ROMS_Hydrodynamic,High
514,Site_1000m,1000,356.86171807224247,Low,7.67016755605057,0.9767589375391701,ROMS_Hydrodynamic,High
515,Site_1000m,1000,517.4472445458732,Mid,3.3617259855951604,0.5183371392937121,ROMS_Hydrodynamic,High
516,Site_1000m,1000,450.0496680837934,Mid,7.574661699913126,0.9875396284013965,ROMS_Hydrodynamic,Medium
517,Site_1000m,1000,481.54999902344275,Mid,9.266185888751538,0.7430386242813469,ROMS_Hydrodynamic,High
518,Site_1000m,1000,565.4738745376118,Mid,9.97355198093876,0.39286090726808853,ROMS_Hydrodynamic,High
519,Site_1000m,1000,407.13993842954807,High,9.159895262564007,1.224564110847619,ROMS_Hydrodynamic,Medium
520,Site_1000m,1000,717.0671759373873,Mid,4.528305214168677,1.0162507570651127,ROMS_Hydrodynamic,Medium
521,Site_1000m,1000,654.4884465495248,High,5.696778398979507,0.3655594644707101,ROMS_Hydrodynamic,High
522,Site_1000m,1000,589.5758900694357,Mid,7.544183546467865,0.5645929308389976,ROMS_Hydrodynamic,Medium
523,Site_1000m,1000,259.93190956532885,Mid,6.089941339364065,0.5180105181196978,ROMS_Hydrodynamic,Medium
524,Site_1000m,1000,439.2892191386918,High,14.191525084902047,0.28396769420601936,ROMS_Hydrodynamic,High
525,Site_1000m,1000,314.784291778821,Mid,19.98674697579144,2.481884638831076,ROMS_Hydrodynamic,Medium
526,Site_1000m,1000,363.0259020879527,High,6.017439735388397,1.2795567852265952,ROMS_Hydrodynamic,High
527,Site_1000m,1000,228.14733237494931,Mid,21.086740733621717,0.25870724390524413,ROMS_Hydrodynamic,High
528,Site_1000m,1000,344.2794118072857,Low,13.12415655219437,0.41148146757014725,ROMS_Hydrodynamic,High
529,Site_1000m,1000,430.43229017119506,Mid,9.932383929670136,0.28262222732075853,ROMS_Hydrodynamic,Medium
530,Site_1000m,1000,338.57619233278416,Mid,12.68514661096597,1.1057860319338446,ROMS_Hydrodynamic,High
531,Site_1000m,1000,464.6335404453869,Low,9.06459736231789,1.056457951504058,ROMS_Hydrodynamic,High
532,Site_1000m,1000,303.7951703850402,High,9.568209802509681,0.354665649540736,ROMS_Hydrodynamic,High
533,Site_1000m,1000,226.50673587445706,Mid,4.198153649661515,2.5790288630952207,ROMS_Hydrodynamic,Medium
534,Site_1000m,1000,363.04165513817884,Low,8.419407082951285,0.7821879140851589,ROMS_Hydrodynamic,High
535,Site_1000m,1000,620.2636706720324,High,14.937885889710962,0.8189553098487666,ROMS_Hydrodynamic,Medium
536,Site_1000m,1000,297.81425560215433,Mid,5.874888752473995,0.5624141245103144,ROMS_Hydrodynamic,High
537,Site_1000m,1000,299.945588028384,Mid,7.922724779963373,0.27560967803972747,ROMS_Hydrodynamic,Medium
538,Site_1000m,1000,359.9768353492541,Mid,6.036698093906438,0.8513150217638357,ROMS_Hydrodynamic,High
539,Site_1000m,1000,382.607426594489,Low,11.644108850254266,0.42076130763119324,ROMS_Hydrodynamic,High
540,Site_1000m,1000,398.2863787433859,Low,6.06129205538563,0.6119020046118062,ROMS_Hydrodynamic,High
541,Site_1000m,1000,397.10038016119336,Low,6.304887561899111,1.7077478446039789,ROMS_Hydrodynamic,Medium
542,Site_1000m,1000,416.5340379735139,Mid,1.6731548116274046,1.5741447811423246,ROMS_Hydrodynamic,High
543,Site_1000m,1000,396.49023648364005,Low,1.1485035172664215,0.35819897300161574,ROMS_Hydrodynamic,High
544,Site_1000m,1000,591.7556427601817,Low,3.8087720450576974,1.369449820422144,ROMS_Hydrodynamic,High
545,Site_1000m,1000,387.4536450090177,High,1.4689032559696455,0.3222476309945564,ROMS_Hydrodynamic,High
546,Site_1000m,1000,322.9380809898502,High,7.511524260499138,0.7097168487403351,ROMS_Hydrodynamic,High
547,Site_1000m,1000,377.54661176825573,Mid,5.984736487076445,0.7223182798191647,ROMS_Hydrodynamic,High
548,Site_1000m,1000,505.96109965742835,Low,3.7943613786316197,0.3704197995820423,ROMS_Hydrodynamic,Medium
549,Site_1000m,1000,244.54684468244062,Low,4.106802110872081,0.7273727408328039,ROMS_Hydrodynamic,Medium
550,Site_1000m,1000,827.3862422011022,Low,4.338474381702877,0.5110941075470886,ROMS_Hydrodynamic,High
551,Site_1000m,1000,435.74875602681817,High,10.123888078402999,0.10126613307460729,ROMS_Hydrodynamic,Medium
552,Site_1000m,1000,573.4693497976076,Mid,3.6289378727721178,2.0142705951410322,ROMS_Hydrodynamic,High
553,Site_1000m,1000,376.8051783053626,Mid,7.828342005561795,0.23422894699262684,ROMS_Hydrodynamic,High
554,Site_1000m,1000,299.49976333274594,Low,3.297863829573879,1.3848103039410864,ROMS_Hydrodynamic,High
555,Site_1000m,1000,228.9977418907461,High,3.762343962763317,1.002950821555199,ROMS_Hydrodynamic,High
556,Site_1000m,1000,393.257757761977,High,7.830122040105602,0.4227508302338316,ROMS_Hydrodynamic,High
557,Site_1000m,1000,402.6322137139669,Mid,12.298694633168518,3.195187989461181,ROMS_Hydrodynamic,Medium
558,Site_1000m,1000,256.8830853175307,Mid,6.952372490129267,0.2682658152773176,ROMS_Hydrodynamic,Medium
559,Site_1000m,1000,545.7077933193783,High,15.063860584071591,1.0703327483629175,ROMS_Hydrodynamic,High
560,Site_1000m,1000,362.6078433087332,High,7.967407002821474,0.7172149734907469,ROMS_Hydrodynamic,High
561,Site_1000m,1000,331.2010420823882,Mid,12.889043682598706,0.5521747551938238,ROMS_Hydrodynamic,Medium
562,Site_1000m,1000,754.8454514276464,Low,9.067492668001783,0.4270115839315385,ROMS_Hydrodynamic,High
563,Site_1000m,1000,432.0649224192012,High,29.778817364865855,1.4427687485453378,ROMS_Hydrodynamic,High
564,Site_1000m,1000,305.50652364443346,Low,6.35822435312883,0.8002838915291733,ROMS_Hydrodynamic,High
565,Site_1000m,1000,481.80744852529654,Low,1.2334122627895319,0.4049125876967333,ROMS_Hydrodynamic,High
566,Site_1000m,1000,333.6186676315352,Low,9.603194833023249,1.2735732811452214,ROMS_Hydrodynamic,High
567,Site_1000m,1000,422.46073686966463,High,5.649748991605818,0.17590837421361522,ROMS_Hydrodynamic,High
568,Site_1000m,1000,382.362966187473,Mid,9.373934346465946,0.6076787437359022,ROMS_Hydrodynamic,High
569,Site_1000m,1000,447.17927696381395,Mid,3.0272083663819243,0.6879020609983215,ROMS_Hydrodynamic,Medium
570,Site_1000m,1000,603.3422005005751,High,6.9816795761904755,0.8326318484650739,ROMS_Hydrodynamic,High
571,Site_1000m,1000,423.87334891546044,High,9.061327834167262,1.5044957282428242,ROMS_Hydrodynamic,High
572,Site_1000m,1000,299.5212289872561,High,17.21294182320625,0.7198033127981285,ROMS_Hydrodynamic,High
573,Site_1000m,1000,493.9521576058183,Low,6.912241854221083,2.2330487267205057,ROMS_Hydrodynamic,High
574,Site_1000m,1000,386.3197436589553,Mid,5.807706462300094,0.0588547134167577,ROMS_Hydrodynamic,High
575,Site_1000m,1000,302.9237190056728,Low,15.025483303568127,1.3243406191202114,ROMS_Hydrodynamic,High
576,Site_1000m,1000,317.72129870025714,Low,24.493666725823353,0.3367151622343555,ROMS_Hydrodynamic,High
577,Site_1000m,1000,540.4836273779862,Mid,12.566024678067503,0.712460781738292,ROMS_Hydrodynamic,High
578,Site_1000m,1000,607.0880159220294,High,17.6875882255621,0.7875349330026649,ROMS_Hydrodynamic,Medium
579,Site_1000m,1000,523.777004685281,Mid,19.801957724611583,1.0523937615927108,ROMS_Hydrodynamic,High
580,Site_1000m,1000,373.279193481279,Low,9.120485271436529,0.8325209818044441,ROMS_Hydrodynamic,High
581,Site_1000m,1000,446.6089217218938,Low,8.070574660117016,0.20442013424690886,ROMS_Hydrodynamic,Medium
582,Site_1000m,1000,307.83802788760573,High,5.991947142842356,0.3414472540031127,ROMS_Hydrodynamic,High
583,Site_1000m,1000,187.73185969253495,High,14.608727028913803,0.10862632327465833,ROMS_Hydrodynamic,High
584,Site_1000m,1000,266.0063054499477,High,6.908905865411162,0.6292358911665615,ROMS_Hydrodynamic,High
585,Site_1000m,1000,302.0786493001725,High,4.348378776371554,0.7766991324824173,ROMS_Hydrodynamic,High
586,Site_1000m,1000,486.37363202070594,Low,11.254783726832878,0.6327242217759941,ROMS_Hydrodynamic,High
587,Site_1000m,1000,384.122568387279,Low,3.625841837942686,0.6021745221621311,ROMS_Hydrodynamic,High
588,Site_1000m,1000,271.95867522457337,Mid,9.681250023604852,1.5438037839620549,ROMS_Hydrodynamic,Medium
589,Site_1000m,1000,380.4734986129309,Low,6.360091943485775,1.5921032261122843,ROMS_Hydrodynamic,High
590,Site_1000m,1000,474.86475445368166,Low,3.3975630940905743,1.1718833739506738,ROMS_Hydrodynamic,High
591,Site_1000m,1000,501.6308672951,Mid,8.07547811169524,0.5148875268583389,ROMS_Hydrodynamic,High
592,Site_1000m,1000,334.1782999737839,Low,12.221012919611649,0.7494596714128929,ROMS_Hydrodynamic,High
593,Site_1000m,1000,321.5601101893469,High,3.4849701305478895,0.7835824090481387,ROMS_Hydrodynamic,High
594,Site_1000m,1000,398.9301077579408,Mid,14.715633804202128,0.21380208299573247,ROMS_Hydrodynamic,High
595,Site_1000m,1000,414.008265821102,Mid,11.852316425739847,0.5893903235636587,ROMS_Hydrodynamic,High
596,Site_1000m,1000,366.9053925446808,High,13.206829158091608,0.16981398334788367,ROMS_Hydrodynamic,High
597,Site_1000m,1000,399.68105072267207,High,11.441314247327716,0.7653929405875279,ROMS_Hydrodynamic,Medium
598,Site_1000m,1000,396.8145299049718,Low,4.546048084511369,0.8159264886593903,ROMS_Hydrodynamic,High
599,Site_1000m,1000,488.0196437388339,Low,10.419811232279823,0.24283789371040473,ROMS_Hydrodynamic,High
600,Site_1000m,1000,340.1814936852213,Mid,2.870726055324204,0.05302944145866825,ROMS_Hydrodynamic,Medium
